[
    {
        "actionName": "Action",
        "steps": [
            {
                "stepId": "STEP1",
                "stepName": "Url: crx",
                "infFile": "t1.inf",
                "time": 1568154139371
            },
            {
                "stepId": "STEP2",
                "stepName": "Custom Request: ListAccounts",
                "infFile": "t3.inf",
                "time": 1568154142071
            },
            {
                "stepId": "STEP3",
                "stepName": "Custom Request: oranonymous",
                "infFile": "t4.inf",
                "time": 1568154143060
            },
            {
                "stepId": "STEP4",
                "stepName": "Url: www.google.com",
                "infFile": "t5.inf",
                "time": 1568154147486
            },
            {
                "stepId": "STEP5",
                "stepName": "Custom Request: gen_204",
                "infFile": "t6.inf",
                "time": 1568154147746
            },
            {
                "stepId": "STEP6",
                "stepName": "Custom Request: mimic",
                "infFile": "t7.inf",
                "time": 1568154149415
            },
            {
                "stepId": "STEP7",
                "stepName": "Custom Request: gen_204_2",
                "infFile": "t8.inf",
                "time": 1568154149582
            },
            {
                "stepId": "STEP8",
                "stepName": "Custom Request: find",
                "infFile": "t9.inf",
                "time": 1568154149994
            },
            {
                "stepId": "STEP9",
                "stepName": "Custom Request: dialectStrong",
                "infFile": "t10.inf",
                "time": 1568154150563
            },
            {
                "stepId": "STEP10",
                "stepName": "Custom Request: emogenieEmojiState",
                "infFile": "t11.inf",
                "time": 1568154150979
            },
            {
                "stepId": "STEP11",
                "stepName": "Url: so",
                "infFile": "t12.inf",
                "time": 1568154152095
            },
            {
                "stepId": "STEP12",
                "stepName": "Custom Request: gen_204_3",
                "infFile": "t13.inf",
                "time": 1568154152250
            },
            {
                "stepId": "STEP13",
                "stepName": "Custom Request: logv2",
                "infFile": "t14.inf",
                "time": 1568154153158
            },
            {
                "stepId": "STEP14",
                "stepName": "Custom Request: gen_204_4",
                "infFile": "t15.inf",
                "time": 1568154153316
            },
            {
                "stepId": "STEP15",
                "stepName": "Custom Request: gen_204_5",
                "infFile": "t16.inf",
                "time": 1568154153580
            },
            {
                "stepId": "STEP16",
                "stepName": "Url: search",
                "infFile": "t17.inf",
                "time": 1568154153835
            },
            {
                "stepId": "STEP17",
                "stepName": "Custom Request: logv2_2",
                "infFile": "t18.inf",
                "time": 1568154154175
            },
            {
                "stepId": "STEP18",
                "stepName": "Url: gen_204_6",
                "infFile": "t19.inf",
                "time": 1568154154373
            },
            {
                "stepId": "STEP19",
                "stepName": "Url: ui",
                "infFile": "t20.inf",
                "time": 1568154155014
            },
            {
                "stepId": "STEP20",
                "stepName": "Custom Request: gen_204_7",
                "infFile": "t21.inf",
                "time": 1568154155168
            },
            {
                "stepId": "STEP21",
                "stepName": "Url: search_2",
                "infFile": "t22.inf",
                "time": 1568154155442
            },
            {
                "stepId": "STEP22",
                "stepName": "Url: search_3",
                "infFile": "t23.inf",
                "time": 1568154155782
            },
            {
                "stepId": "STEP23",
                "stepName": "Url: search_4",
                "infFile": "t24.inf",
                "time": 1568154156048
            },
            {
                "stepId": "STEP24",
                "stepName": "Url: search_5",
                "infFile": "t25.inf",
                "time": 1568154156339
            },
            {
                "stepId": "STEP25",
                "stepName": "Url: search_6",
                "infFile": "t26.inf",
                "time": 1568154156640
            },
            {
                "stepId": "STEP26",
                "stepName": "Url: search_7",
                "infFile": "t27.inf",
                "time": 1568154157404
            },
            {
                "stepId": "STEP27",
                "stepName": "Url: search_8",
                "infFile": "t28.inf",
                "time": 1568154158463
            },
            {
                "stepId": "STEP28",
                "stepName": "Url: crx_2",
                "infFile": "t29.inf",
                "time": 1568154158617
            },
            {
                "stepId": "STEP29",
                "stepName": "Url: gen_204_8",
                "infFile": "t30.inf",
                "time": 1568154158882
            },
            {
                "stepId": "STEP30",
                "stepName": "Custom Request: gen_204_9",
                "infFile": "t31.inf",
                "time": 1568154159165
            },
            {
                "stepId": "STEP31",
                "stepName": "Url: client_204",
                "infFile": "t32.inf",
                "time": 1568154159430
            },
            {
                "stepId": "STEP32",
                "stepName": "Url: so_2",
                "infFile": "t33.inf",
                "time": 1568154159479
            },
            {
                "stepId": "STEP33",
                "stepName": "Url: bgasy",
                "infFile": "t34.inf",
                "time": 1568154159645
            },
            {
                "stepId": "STEP34",
                "stepName": "Custom Request: gen_204_10",
                "infFile": "t35.inf",
                "time": 1568154159944
            },
            {
                "stepId": "STEP35",
                "stepName": "Custom Request: gen_204_11",
                "infFile": "t36.inf",
                "time": 1568154160183
            },
            {
                "stepId": "STEP36",
                "stepName": "Custom Request: gen_204_12",
                "infFile": "t37.inf",
                "time": 1568154160434
            },
            {
                "stepId": "STEP37",
                "stepName": "Custom Request: gen_204_13",
                "infFile": "t38.inf",
                "time": 1568154160690
            },
            {
                "stepId": "STEP38",
                "stepName": "Url: ecr",
                "infFile": "t39.inf",
                "time": 1568154161346
            },
            {
                "stepId": "STEP39",
                "stepName": "Custom Request: gen_204_14",
                "infFile": "t40.inf",
                "time": 1568154161556
            },
            {
                "stepId": "STEP40",
                "stepName": "Url: ui_2",
                "infFile": "t41.inf",
                "time": 1568154161716
            },
            {
                "stepId": "STEP41",
                "stepName": "Url: gen_204_15",
                "infFile": "t42.inf",
                "time": 1568154161951
            }
        ],
        "transactions": []
    }
]