<?xml version="1.0" encoding="UTF-8"?><gupdate xmlns="http://www.google.com/update2/response" protocol="2.0" server="prod"><daystart elapsed_days="4635" elapsed_seconds="50567"/><app appid="aapocclcgogkmnckokdopfmhonfmgoek" cohort="" cohortname="" status="ok"><updatecheck status="noupdate"/></app><app appid="aohghmighlieiainnegkcijnfilokake" cohort="" cohortname="" status="ok"><updatecheck status="noupdate"/></app><app appid="apdfllckaahabafndbhieahigkjlhalf" cohort="" cohortname="" status="ok"><updatecheck status="noupdate"/></app><app appid="blpcfgokakmgnkcojhhkbfbldkacnbeo" cohort="" cohortname="" status="ok"><updatecheck status="noupdate"/></app><app appid="fbpiglieekigmkeebmeohkelfpjjlaia" cohort="" cohortname="" status="ok"><updatecheck status="noupdate"/></app><app appid="felcaaldnbdncclmgdcncolpebgiejap" cohort="" cohortname="" status="ok"><updatecheck status="noupdate"/></app><app appid="ghbmnnjooekpmoecnnnilnnbdlolhkhi" cohort="" cohortname="" status="ok"><updatecheck status="noupdate"/></app><app appid="kbfnbcaeplbcioakkpcpgfkobkghlhen" cohort="" cohortname="" status="ok"><updatecheck status="noupdate"/></app><app appid="kcehcblfpidimbihdfophhhdejckolgh" cohort="" cohortname="" status="ok"><updatecheck status="noupdate"/></app><app appid="nmmhkkegccagdldgiimedpiccmgmieda" cohort="" cohortname="" status="ok"><updatecheck status="noupdate"/></app><app appid="pjkljhegncpnkpknbcohdijeoejaedia" cohort="" cohortname="" status="ok"><updatecheck status="noupdate"/></app><app appid="pkedcjkdefgpdelpbcmbmeomcjbeemfm" cohort="" cohortname="" status="ok"><updatecheck status="noupdate"/></app></gupdate>